restaurant_id,restaurant_name,url,address,locality,city,city_id,latitude,longitude,zipcode,country_id,locality_verbose,cuisines,average_cost_for_two,aggregate_rating,rating_text,votes,has_online_delivery,is_table_reservation_supported,establishment_types
16675405,Uluru Bar & Grill,https://www.zomato.com/belfast-northern-ireland/uluru-bar-grill-armagh?utm_source=api_basic_user&utm_medium=api&utm_campaign=v2.1,"3-5 Market Street, Armagh, Belfast BT61 7BW",Armagh,Belfast,320,54.2485423000,-6.7052175000,BT61 7BW,215,"Armagh, Belfast","Steak, Australian, Grill",50,0,Not rated,1,0,0,[]
16674551,Barking Dog,https://www.zomato.com/belfast-northern-ireland/barking-dog-belfast?utm_source=api_basic_user&utm_medium=api&utm_campaign=v2.1,"33-35 Malone Rd, Belfast BT9 6RU",Belfast,Belfast,320,54.5808528000,-5.9385134000,BT9 6RU,215,"Belfast, Belfast",British,12,3.4,Average,9,0,0,[]
16674933,James Street South,https://www.zomato.com/belfast-northern-ireland/james-street-south-belfast?utm_source=api_basic_user&utm_medium=api&utm_campaign=v2.1,"21 James St South, Belfast BT2 7GA",Belfast,Belfast,320,54.5954480000,-5.9328050000,BT2 7GA,215,"Belfast, Belfast","Bar Food, Scottish, British",12,3.9,Good,12,0,0,[]
16675079,Mollys Yard,https://www.zomato.com/belfast-northern-ireland/mollys-yard-belfast?utm_source=api_basic_user&utm_medium=api&utm_campaign=v2.1,"Botanic Ave, Belfast BT7 1JR",Belfast,Belfast,320,54.5861817000,-5.9322265000,BT7 1JR,215,"Belfast, Belfast",British,0,3.7,Good,4,0,0,[]
16675293,Shu,https://www.zomato.com/belfast-northern-ireland/shu-belfast?utm_source=api_basic_user&utm_medium=api&utm_campaign=v2.1,"253 Lisburn Rd, Belfast BT9 7EN",Belfast,Belfast,320,54.5813100000,-5.9482210000,BT9 7EN,215,"Belfast, Belfast","French, British",0,3.4,Average,4,0,0,[]
16675569,Poacher's Pocket,https://www.zomato.com/belfast-northern-ireland/poachers-pocket-comber?utm_source=api_basic_user&utm_medium=api&utm_campaign=v2.1,"181 Killinchy Rd, Comber BT23 5NE",Ards,Belfast,320,54.5194399000,-5.7239282000,BT23 5NE,215,"Ards, Belfast","British, Irish",12,0,Not rated,1,0,0,[]
16675480,Deanes at Queens,https://www.zomato.com/belfast-northern-ireland/deanes-at-queens-belfast?utm_source=api_basic_user&utm_medium=api&utm_campaign=v2.1,"1 College Gardens, Belfast BT9 6BQ",Belfast,Belfast,320,54.5832356000,-5.9375596000,BT9 6BQ,215,"Belfast, Belfast",British,0,0,Not rated,2,0,0,[]
16675542,Fluid,https://www.zomato.com/belfast-northern-ireland/fluid-belfast?utm_source=api_basic_user&utm_medium=api&utm_campaign=v2.1,"350 Antrim Rd, Belfast BT36 5QE",Belfast,Belfast,320,54.6391867000,-5.9365190000,BT36 5QE,215,"Belfast, Belfast","British, Irish",12,0,Not rated,2,0,0,[]
16675077,Mollys,https://www.zomato.com/belfast-northern-ireland/mollys-ballymoney?utm_source=api_basic_user&utm_medium=api&utm_campaign=v2.1,"24 Main St, Ballymoney BT53 6AL",Ballymoney,Belfast,320,55.0695325000,-6.5165347000,BT53 6AL,215,"Ballymoney, Belfast",British,0,0,Not rated,3,0,0,[]
16675266,Ryan's Bar and Grill,https://www.zomato.com/belfast-northern-ireland/ryans-bar-and-grill-belfast?utm_source=api_basic_user&utm_medium=api&utm_campaign=v2.1,"116-118 Lisburn Rd, Belfast BT9 6AH",Belfast,Belfast,320,54.5845720000,-5.9421060000,BT9 6AH,215,"Belfast, Belfast",British,0,0,Not rated,1,0,0,[]
16674735,Deanes,https://www.zomato.com/belfast-northern-ireland/deanes-belfast?utm_source=api_basic_user&utm_medium=api&utm_campaign=v2.1,"36-40 Howard St, Belfast BT1 6PF",Belfast,Belfast,320,54.5957531000,-5.9327857000,BT1 6PF,215,"Belfast, Belfast","European, French, British",0,2.8,Average,13,0,0,[]
16674521,Anzac Bistro,https://www.zomato.com/belfast-northern-ireland/anzac-bistro-ballycastle?utm_source=api_basic_user&utm_medium=api&utm_campaign=v2.1,"5 Market St, Ballycastle BT54 6DP",Moyle,Belfast,320,55.2013093000,-6.2520095000,BT54 6DP,215,"Moyle, Belfast","International, British",0,0,Not rated,2,0,0,[]
16675373,Tedfords,https://www.zomato.com/belfast-northern-ireland/tedfords-belfast?utm_source=api_basic_user&utm_medium=api&utm_campaign=v2.1,"5 Donegall Quay, Belfast BT1 3EA",Belfast,Belfast,320,54.6011430000,-5.9223550000,BT1 3EA,215,"Belfast, Belfast",British,0,0,Not rated,3,0,0,[]
16675074,Moes Grill,https://www.zomato.com/belfast-northern-ireland/moes-grill-antrim?utm_source=api_basic_user&utm_medium=api&utm_campaign=v2.1,"Junction One Retail Centre, Antrim BT41 4LL",Antrim,Belfast,320,54.7023320000,-6.2076100000,BT41 4LL,215,"Antrim, Belfast",British,0,0,Not rated,1,0,0,[]
16674602,Brights,https://www.zomato.com/belfast-northern-ireland/brights-belfast?utm_source=api_basic_user&utm_medium=api&utm_campaign=v2.1,"23-25 High St, Belfast BT1 2AA",Belfast,Belfast,320,54.5996574000,-5.9276179000,BT1 2AA,215,"Belfast, Belfast",British,0,0,Not rated,2,0,0,[]
16675242,Robinsons,https://www.zomato.com/belfast-northern-ireland/robinsons-belfast?utm_source=api_basic_user&utm_medium=api&utm_campaign=v2.1,"38 Great Victoria St, Belfast BT2 7BA",Belfast,Belfast,320,54.5948829000,-5.9342482000,BT2 7BA,215,"Belfast, Belfast",British,0,0,Not rated,3,0,0,[]
16675249,Romas,https://www.zomato.com/belfast-northern-ireland/romas-newtownards?utm_source=api_basic_user&utm_medium=api&utm_campaign=v2.1,"4 Regent St, Newtownards BT23 4LH",Ards,Belfast,320,54.5938910000,-5.6983800000,BT23 4LH,215,"Ards, Belfast",British,0,0,Not rated,2,0,0,[]
16674576,Billy Andys,https://www.zomato.com/belfast-northern-ireland/billy-andys-larne?utm_source=api_basic_user&utm_medium=api&utm_campaign=v2.1,"66 Browndod Rd, Larne BT40 3DX",Larne,Belfast,320,54.8114054000,-5.8557836000,BT40 3DX,215,"Larne, Belfast",British,0,0,Not rated,1,0,0,[]
16674871,Graffitti,https://www.zomato.com/belfast-northern-ireland/graffitti-belfast?utm_source=api_basic_user&utm_medium=api&utm_campaign=v2.1,"258 Ormeau Rd, Belfast BT7 2FZ",Belfast,Belfast,320,54.5780910000,-5.9188400000,BT7 2FZ,215,"Belfast, Belfast","Mediterranean, British",0,0,Not rated,1,0,0,[]
16674538,Balloo House,https://www.zomato.com/belfast-northern-ireland/balloo-house-killinchy?utm_source=api_basic_user&utm_medium=api&utm_campaign=v2.1,"1 Comber Road, Killinchy BT23",Ards,Belfast,320,54.4724190000,-5.6903390000,BT23,215,"Ards, Belfast",British,12,0,Not rated,2,0,0,[]
16674817,Francos,https://www.zomato.com/belfast-northern-ireland/francos-enniskillen?utm_source=api_basic_user&utm_medium=api&utm_campaign=v2.1,"Queen Elizabeth Rd, Enniskillen BT74",Fermanagh,Belfast,320,54.3461154000,-7.6374661000,BT74,215,"Fermanagh, Belfast","Italian, Mediterranean, British",0,0,Not rated,3,0,0,[]
16675541,St George'S Market Bar,https://www.zomato.com/belfast-northern-ireland/st-georges-market-bar-belfast?utm_source=api_basic_user&utm_medium=api&utm_campaign=v2.1,"119 May St, Belfast BT1 3JL",Belfast,Belfast,320,54.5962969000,-5.9229850000,BT1 3JL,215,"Belfast, Belfast",British,12,0,Not rated,2,0,0,[]
17859121,Safari Grill,https://www.zomato.com/belfast-northern-ireland/safari-grill-belfast?utm_source=api_basic_user&utm_medium=api&utm_campaign=v2.1,"54 - 56 Units, Junction One International Outlet Shopping Centre, Ballymena Road, Belfast, Belfast",Belfast,Belfast,320,54.7295080000,-6.2324760000,,215,"Belfast, Belfast",British,30,0,Not rated,1,0,0,[]
16674672,Chester Park Hotel,https://www.zomato.com/belfast-northern-ireland/chester-park-hotel-belfast?utm_source=api_basic_user&utm_medium=api&utm_campaign=v2.1,"Antrim Rd, Belfast BT15 5GE",Belfast,Belfast,320,54.6357500000,-5.9369200000,BT15 5GE,215,"Belfast, Belfast",British,0,0,Not rated,1,0,0,[]
16675189,Point Bar and,https://www.zomato.com/belfast-northern-ireland/point-bar-and-limavady?utm_source=api_basic_user&utm_medium=api&utm_campaign=v2.1,"Point Rd, Limavady BT49 0LP",Limavady,Belfast,320,55.1700011000,-6.9433827000,BT49 0LP,215,"Limavady, Belfast",British,0,0,Not rated,1,0,0,[]
16675268,Saddlers,https://www.zomato.com/belfast-northern-ireland/saddlers-fermanagh?utm_source=api_basic_user&utm_medium=api&utm_campaign=v2.1,"17-21 Belmore St, Fermanagh BT74 6AA",Fermanagh,Belfast,320,54.3439961000,-7.6327142000,BT74 6AA,215,"Fermanagh, Belfast",British,0,0,Not rated,1,0,0,[]
16675436,Wild Duck Inn,https://www.zomato.com/belfast-northern-ireland/wild-duck-inn-portglenone?utm_source=api_basic_user&utm_medium=api&utm_campaign=v2.1,"Portglenone, Portglenone BT44",Ballymena,Belfast,320,54.8729200000,-6.4756200000,BT44,215,"Ballymena, Belfast",British,5,0,Not rated,1,0,0,[]
16675144,Papa Browns,https://www.zomato.com/belfast-northern-ireland/papa-browns-carrickfergus?utm_source=api_basic_user&utm_medium=api&utm_campaign=v2.1,"Marine Hwy, Carrickfergus BT38 7FG",Carrickfergus,Belfast,320,54.7162889000,-5.8019042000,BT38 7FG,215,"Carrickfergus, Belfast",British,0,0,Not rated,2,0,0,[]
16674983,Long's,https://www.zomato.com/belfast-northern-ireland/longs-belfast?utm_source=api_basic_user&utm_medium=api&utm_campaign=v2.1,"39 Athol St, Belfast BT12 4GX",Belfast,Belfast,320,54.5962600000,-5.9368080000,BT12 4GX,215,"Belfast, Belfast","Bar Food, British",5,0,Not rated,1,0,0,[]
16674734,Darcys,https://www.zomato.com/belfast-northern-ireland/darcys-belfast?utm_source=api_basic_user&utm_medium=api&utm_campaign=v2.1,"10 Bradbury Pl, Belfast BT7 1RS",Belfast,Belfast,320,54.5888520000,-5.9346250000,BT7 1RS,215,"Belfast, Belfast",British,0,0,Not rated,2,0,0,[]
16675220,Regency,https://www.zomato.com/belfast-northern-ireland/regency-newtownards?utm_source=api_basic_user&utm_medium=api&utm_campaign=v2.1,"5 Regent St, Newtownards BT23 4AB",Ards,Belfast,320,54.5942920000,-5.6979500000,BT23 4AB,215,"Ards, Belfast",British,0,0,Not rated,1,0,0,[]
16674748,Distillers Arms,https://www.zomato.com/belfast-northern-ireland/distillers-arms-moyle?utm_source=api_basic_user&utm_medium=api&utm_campaign=v2.1,"140 Main St, Moyle BT57 8QE",Moyle,Belfast,320,55.2033622000,-6.5202199000,BT57 8QE,215,"Moyle, Belfast",British,0,0,Not rated,1,0,0,[]
16674568,Bennetts,https://www.zomato.com/belfast-northern-ireland/bennetts-belfast?utm_source=api_basic_user&utm_medium=api&utm_campaign=v2.1,"4 Belmont Rd, Belfast BT4 2AN",Belfast,Belfast,320,54.6006291000,-5.8773114000,BT4 2AN,215,"Belfast, Belfast",British,0,0,Not rated,1,0,0,[]
16675466,Old Inn,https://www.zomato.com/belfast-northern-ireland/old-inn-crawfordsburn?utm_source=api_basic_user&utm_medium=api&utm_campaign=v2.1,"15-25 Main St, Crawfordsburn BT19 1JH",Bangor,Belfast,320,54.6586175000,-5.7278436000,BT19 1JH,215,"Bangor, Belfast",British,20,0,Not rated,1,0,0,[]
18089263,The Millside Cloughmills,https://www.zomato.com/belfast-northern-ireland/the-millside-cloughmills-ballymena?utm_source=api_basic_user&utm_medium=api&utm_campaign=v2.1,"4 Drumadoon Road, Ballymena, Belfast",Ballymena,Belfast,320,54.9997540000,-6.3336180000,,215,"Ballymena, Belfast",British,40,0,Not rated,0,0,0,[]
16675387,Tilley Lamp,https://www.zomato.com/belfast-northern-ireland/tilley-lamp-dungannon?utm_source=api_basic_user&utm_medium=api&utm_campaign=v2.1,"111a Mullanahoe Rd, Dungannon BT71 5AX",Dungannon and South Tyrone,Belfast,320,54.6189500000,-6.5515100000,BT71 5AX,215,"Dungannon and South Tyrone, Belfast",British,0,0,Not rated,0,0,0,[]
16674531,Ava,https://www.zomato.com/belfast-northern-ireland/ava-bangor?utm_source=api_basic_user&utm_medium=api&utm_campaign=v2.1,"132 Main St, Bangor BT20 4AG",Bangor,Belfast,320,54.6602400000,-5.6690200000,BT20 4AG,215,"Bangor, Belfast",British,0,0,Not rated,1,0,0,[]
16674721,Crows Nest Bistro and Nightclub,https://www.zomato.com/belfast-northern-ireland/crows-nest-bistro-and-nightclub-enniskillen?utm_source=api_basic_user&utm_medium=api&utm_campaign=v2.1,"12 High St, Enniskillen BT74 7EH",Fermanagh,Belfast,320,54.3452470000,-7.6394339000,BT74 7EH,215,"Fermanagh, Belfast",British,0,0,Not rated,1,0,0,[]
16675059,McLaughlins Corner,https://www.zomato.com/belfast-northern-ireland/mclaughlins-corner-kilrea?utm_source=api_basic_user&utm_medium=api&utm_campaign=v2.1,"Kilrea, Kilrea BT51",Coleraine,Belfast,320,54.9511900000,-6.5564000000,BT51,215,"Coleraine, Belfast",British,0,0,Not rated,1,0,0,[]
18089261,The Tailor's House,https://www.zomato.com/belfast-northern-ireland/the-tailors-house-dungannon-and-south-tyrone?utm_source=api_basic_user&utm_medium=api&utm_campaign=v2.1,"50 Main Street, Ballygawley, Dungannon BT 70 2HE",Dungannon and South Tyrone,Belfast,320,54.4620090000,-7.0282620000,,215,"Dungannon and South Tyrone, Belfast",British,40,0,Not rated,1,0,0,[]
16674724,Cultra Inn,https://www.zomato.com/belfast-northern-ireland/cultra-inn-north-down?utm_source=api_basic_user&utm_medium=api&utm_campaign=v2.1,"Bangor Rd, North Down BT18",Holywood,Belfast,320,54.6520842000,-5.7991910000,BT18,215,"Holywood, Belfast",British,0,0,Not rated,0,0,0,[]
16675311,Sonali,https://www.zomato.com/belfast-northern-ireland/sonali-belfast?utm_source=api_basic_user&utm_medium=api&utm_campaign=v2.1,"241, Lisburn Road, Belfast, Belfast, Belfast BT9 7GU",Belfast,Belfast,320,54.5815600000,-5.9478700000,BT9 7GU,215,"Belfast, Belfast","Indian, Balti, Bangladeshi",30,0,Not rated,3,0,0,[]
18089268,Green Chilli,https://www.zomato.com/belfast-northern-ireland/green-chilli-bangor?utm_source=api_basic_user&utm_medium=api&utm_campaign=v2.1,"32 Dufferin Avenue, Bangor, Belfast",Bangor,Belfast,320,54.6592477000,-5.6707380000,,215,"Bangor, Belfast","Indian, Bangladeshi",20,0,Not rated,0,0,0,[]
16675311,Sonali,https://www.zomato.com/belfast-northern-ireland/sonali-belfast?utm_source=api_basic_user&utm_medium=api&utm_campaign=v2.1,"241, Lisburn Road, Belfast, Belfast, Belfast BT9 7GU",Belfast,Belfast,320,54.5815600000,-5.9478700000,BT9 7GU,215,"Belfast, Belfast","Indian, Balti, Bangladeshi",30,0,Not rated,3,0,0,[]
16675554,Saphyre,https://www.zomato.com/belfast-northern-ireland/saphyre-belfast?utm_source=api_basic_user&utm_medium=api&utm_campaign=v2.1,"135 Lisburn Rd Tel, Belfast",Belfast,Belfast,320,54.5972850000,-5.9301200000,,215,"Belfast, Belfast","Breakfast, Seafood",12,0,Not rated,2,0,0,[]
16674565,Benedicts,https://www.zomato.com/belfast-northern-ireland/benedicts-belfast?utm_source=api_basic_user&utm_medium=api&utm_campaign=v2.1,"7-21 Bradbury Pl, Belfast BT7 1RQ",Belfast,Belfast,320,54.5888020000,-5.9349820000,BT7 1RQ,215,"Belfast, Belfast",Breakfast,0,0,Not rated,2,0,0,[]
16675538,Neill's Hill,https://www.zomato.com/belfast-northern-ireland/neills-hill-belfast?utm_source=api_basic_user&utm_medium=api&utm_campaign=v2.1,"229 Upper Newtownards Rd, Belfast BT4 3JF",Belfast,Belfast,320,54.5951067000,-5.8685926000,BT4 3JF,215,"Belfast, Belfast","Breakfast, Seafood, Steak",12,0,Not rated,0,0,0,[]
16675509,Belvedere,https://www.zomato.com/belfast-northern-ireland/belvedere-belfast?utm_source=api_basic_user&utm_medium=api&utm_campaign=v2.1,"69 Cregagh Rd, Belfast BT6 8",Belfast,Belfast,320,54.5842531000,-5.8989381000,BT6 8,215,"Belfast, Belfast","Breakfast, Coffee and Tea, International",12,0,Not rated,0,0,0,[]
16675071,Millwheel,https://www.zomato.com/belfast-northern-ireland/millwheel-dungannon-and-south-tyrone?utm_source=api_basic_user&utm_medium=api&utm_campaign=v2.1,"3 Thomas St, Dungannon and South Tyrone BT70 1HN",Dungannon and South Tyrone,Belfast,320,54.5048737000,-6.7692839000,BT70 1HN,215,"Dungannon and South Tyrone, Belfast","Breakfast, Coffee and Tea, British",5,0,Not rated,0,0,0,[]
16675488,Barnardos Dr Bs Kitchen,https://www.zomato.com/belfast-northern-ireland/barnardos-dr-bs-kitchen-belfast?utm_source=api_basic_user&utm_medium=api&utm_campaign=v2.1,"9 Bridge St, Belfast BT1 1",Belfast,Belfast,320,54.6001736000,-5.9278328000,BT1 1,215,"Belfast, Belfast","Breakfast, International, Sandwich",0,0,Not rated,0,0,0,[]
16675130,Orchard Cafe,https://www.zomato.com/belfast-northern-ireland/orchard-cafe-belfast?utm_source=api_basic_user&utm_medium=api&utm_campaign=v2.1,"3-5 Malone Rd, Belfast BT9 6RT",Belfast,Belfast,320,54.5827059000,-5.9373325000,BT9 6RT,215,"Belfast, Belfast","Breakfast, Burger, Coffee and Tea",5,0,Not rated,0,0,0,[]
16675571,Bank Café and Bar,https://www.zomato.com/belfast-northern-ireland/bank-café-and-bar-belfast?utm_source=api_basic_user&utm_medium=api&utm_campaign=v2.1,"20-22 Belmont Road, Belfast BT4 2AN",Belfast,Belfast,320,54.6005339000,-5.8766338000,BT4 2AN,215,"Belfast, Belfast","Breakfast, Burger, Sandwich",5,0,Not rated,0,0,0,[]
16675503,Caife Feirste,https://www.zomato.com/belfast-northern-ireland/caife-feirste-belfast?utm_source=api_basic_user&utm_medium=api&utm_campaign=v2.1,"216 Falls Rd, Belfast BT12 6AH",Belfast,Belfast,320,54.5922813000,-5.9612285000,BT12 6AH,215,"Belfast, Belfast","Breakfast, Coffee and Tea, International",12,0,Not rated,0,0,0,[]
16674533,BBQ,https://www.zomato.com/belfast-northern-ireland/bbq-portadown?utm_source=api_basic_user&utm_medium=api&utm_campaign=v2.1,"Portadown, Portadown BT62",Craigavon,Belfast,320,54.4219300000,-6.4512900000,BT62,215,"Craigavon, Belfast",BBQ,0,0,Not rated,0,0,0,[]
16674818,Frankie & Benny's Uk Ltd,https://www.zomato.com/belfast-northern-ireland/frankie-bennys-uk-ltd-belfast?utm_source=api_basic_user&utm_medium=api&utm_campaign=v2.1,"Victoria Sq, Belfast BT1",Belfast,Belfast,320,54.5985576000,-5.9242468000,BT1,215,"Belfast, Belfast",American,0,3.5,Good,5,0,0,[]
16675517,Harlem Cafe - Belfast,https://www.zomato.com/belfast-northern-ireland/harlem-cafe-belfast-belfast?utm_source=api_basic_user&utm_medium=api&utm_campaign=v2.1,"34 Bedford Street, Belfast, Belfast BT2 7FF",Belfast,Belfast,320,54.5944410000,-5.9310780000,BT2 7FF,215,"Belfast, Belfast",American,0,0,Not rated,3,0,0,[]
16675577,Alley Cat,https://www.zomato.com/belfast-northern-ireland/alley-cat-belfast?utm_source=api_basic_user&utm_medium=api&utm_campaign=v2.1,"46 Church Lane, Belfast BT1 4QN",Belfast,Belfast,320,54.5995195000,-5.9249880000,BT1 4QN,215,"Belfast, Belfast","American, Burger",5,0,Not rated,1,0,0,[]
16674610,Burger King,https://www.zomato.com/belfast-northern-ireland/burger-king-belfast?utm_source=api_basic_user&utm_medium=api&utm_campaign=v2.1,"30 Queen St, Belfast BT1",Belfast,Belfast,320,54.5983370000,-5.9332720000,BT1,215,"Belfast, Belfast","American, Burger, Fast Food",0,0,Not rated,0,0,0,[]
16674609,Burger King,https://www.zomato.com/belfast-northern-ireland/burger-king-coleraine?utm_source=api_basic_user&utm_medium=api&utm_campaign=v2.1,"13 The Diamond, Coleraine BT52 1DE",Coleraine,Belfast,320,55.1311152000,-6.6721123000,BT52 1DE,215,"Coleraine, Belfast","American, Burger, Fast Food",0,0,Not rated,0,0,0,[]
16675450,Yankee Star Grillhouse,https://www.zomato.com/belfast-northern-ireland/yankee-star-grillhouse-coalisland?utm_source=api_basic_user&utm_medium=api&utm_campaign=v2.1,"Coalisland, Coalisland BT71",Dungannon and South Tyrone,Belfast,320,54.5398700000,-6.7022800000,BT71,215,"Dungannon and South Tyrone, Belfast",American,0,0,Not rated,1,0,0,[]
16674802,Fitzroy's,https://www.zomato.com/belfast-northern-ireland/fitzroys-derry?utm_source=api_basic_user&utm_medium=api&utm_campaign=v2.1,"2-4 Bridge St Central District, Derry BT48 6JZ",Derry,Belfast,320,54.9900000000,-7.3200000000,BT48 6JZ,215,"Derry, Belfast",American,12,0,Not rated,2,0,0,[]
16675054,McDonald's,https://www.zomato.com/belfast-northern-ireland/mcdonalds-2-craigavon?utm_source=api_basic_user&utm_medium=api&utm_campaign=v2.1,"West St Magowan Houses Portadown, Craigavon BT62",Craigavon,Belfast,320,54.4223788000,-6.4463221000,BT62,215,"Craigavon, Belfast","American, Fast Food",0,0,Not rated,1,0,0,[]
16675040,McDonald's,https://www.zomato.com/belfast-northern-ireland/mcdonalds-coleraine?utm_source=api_basic_user&utm_medium=api&utm_campaign=v2.1,"8 Riverside Park East, Coleraine BT51 3NA",Coleraine,Belfast,320,55.1214839000,-6.6737024000,BT51 3NA,215,"Coleraine, Belfast","American, Fast Food",0,0,Not rated,1,0,0,[]
16675502,Nandos,https://www.zomato.com/belfast-northern-ireland/nandos-1-belfast?utm_source=api_basic_user&utm_medium=api&utm_campaign=v2.1,"24 Ormeau Avenue,, Belfast BT2 8HS",Belfast,Belfast,320,54.5935746722,-5.9299135208,BT2 8HS,215,"Belfast, Belfast",American,12,0,Not rated,1,0,0,[]
16675328,Springsteens Easy Diner,https://www.zomato.com/belfast-northern-ireland/springsteens-easy-diner-belfast?utm_source=api_basic_user&utm_medium=api&utm_campaign=v2.1,"633 Lisburn Rd, Belfast BT9 7GT",Belfast,Belfast,320,54.5741000000,-5.9575300000,BT9 7GT,215,"Belfast, Belfast","American, Diner",0,0,Not rated,1,0,0,[]
16674587,Blue Chicago Grill,https://www.zomato.com/belfast-northern-ireland/blue-chicago-grill-belfast?utm_source=api_basic_user&utm_medium=api&utm_campaign=v2.1,"Old Dundonald Rd Eastpoint Entertainment Village, Belfast BT16 1XT",Castlereagh,Belfast,320,54.5871090000,-5.8182500000,BT16 1XT,215,"Castlereagh, Belfast",American,0,0,Not rated,0,0,0,[]
16675043,McDonald's,https://www.zomato.com/belfast-northern-ireland/mcdonalds-bangor?utm_source=api_basic_user&utm_medium=api&utm_campaign=v2.1,"Bloomfield Shopping Centre, Bangor BT20 3BB",Bangor,Belfast,320,54.6565400000,-5.6752900000,BT20 3BB,215,"Bangor, Belfast","American, Fast Food",0,0,Not rated,0,0,0,[]
17859113,Salt Bistro,https://www.zomato.com/belfast-northern-ireland/salt-bistro-1-belfast?utm_source=api_basic_user&utm_medium=api&utm_campaign=v2.1,"St. Anne's Square, Belfast, Belfast",Belfast,Belfast,320,54.6032920000,-5.9275480000,,215,"Belfast, Belfast","American, Fish and Chips",30,0,Not rated,0,0,0,[]
16675053,McDonald's,https://www.zomato.com/belfast-northern-ireland/mcdonalds-cookstown?utm_source=api_basic_user&utm_medium=api&utm_campaign=v2.1,"Sweep Rd, Cookstown BT80",Cookstown,Belfast,320,54.6341745000,-6.7476612000,BT80,215,"Cookstown, Belfast","American, Fast Food",0,0,Not rated,0,0,0,[]
16674946,KFC,https://www.zomato.com/belfast-northern-ireland/kfc-belfast?utm_source=api_basic_user&utm_medium=api&utm_campaign=v2.1,"801 Lisburn Rd, Belfast BT9 7GX",Belfast,Belfast,320,54.5698732000,-5.9648107000,BT9 7GX,215,"Belfast, Belfast",American,0,0,Not rated,0,0,0,[]
16675045,McDonald's,https://www.zomato.com/belfast-northern-ireland/mcdonalds-downpatrick?utm_source=api_basic_user&utm_medium=api&utm_campaign=v2.1,"Downe Retail Park, Downpatrick BT30",Down,Belfast,320,54.3288200000,-5.7157300000,BT30,215,"Down, Belfast","American, Fast Food",0,0,Not rated,0,0,0,[]
16675145,Papa Jones New Orleans,https://www.zomato.com/belfast-northern-ireland/papa-jones-new-orleans-bangor?utm_source=api_basic_user&utm_medium=api&utm_campaign=v2.1,"7 Hamilton Rd, Bangor BT20 4JP",Bangor,Belfast,320,54.6608017000,-5.6662598000,BT20 4JP,215,"Bangor, Belfast",American,0,0,Not rated,0,0,0,[]
16675049,McDonald's,https://www.zomato.com/belfast-northern-ireland/mcdonalds-ballymena?utm_source=api_basic_user&utm_medium=api&utm_campaign=v2.1,"North Rd, Ballymena BT43",Ballymena,Belfast,320,54.8659886000,-6.2809589000,BT43,215,"Ballymena, Belfast","American, Fast Food",0,0,Not rated,0,0,0,[]
16675050,McDonald's,https://www.zomato.com/belfast-northern-ireland/mcdonalds-dungannon-and-south-tyrone?utm_source=api_basic_user&utm_medium=api&utm_campaign=v2.1,"Oaks Rd, Dungannon and South Tyrone BT71",Dungannon and South Tyrone,Belfast,320,54.5112895000,-6.7651597000,BT71,215,"Dungannon and South Tyrone, Belfast","American, Fast Food",0,0,Not rated,0,0,0,[]
16675051,McDonald's,https://www.zomato.com/belfast-northern-ireland/mcdonalds-1-londonderry?utm_source=api_basic_user&utm_medium=api&utm_campaign=v2.1,"Orchard St, Londonderry BT48",Derry,Belfast,320,54.9952405000,-7.3189799000,BT48,215,"Derry, Belfast","American, Fast Food",0,0,Not rated,0,0,0,[]
16675052,McDonald's,https://www.zomato.com/belfast-northern-ireland/mcdonalds-7-belfast?utm_source=api_basic_user&utm_medium=api&utm_campaign=v2.1,"Saintfield Rd, Belfast BT7 3GP",Belfast,Belfast,320,54.5662656000,-5.9131301000,BT7 3GP,215,"Belfast, Belfast","American, Fast Food",0,0,Not rated,0,0,0,[]
16675041,McDonald's,https://www.zomato.com/belfast-northern-ireland/mcdonalds-1-newtownabbey?utm_source=api_basic_user&utm_medium=api&utm_campaign=v2.1,"Antrim Rd, Newtownabbey BT36 7QT",Newtownabbey,Belfast,320,54.6695710000,-5.9571300000,BT36 7QT,215,"Newtownabbey, Belfast","American, Fast Food",0,0,Not rated,0,0,0,[]
16674777,Eds Bar and Grill,https://www.zomato.com/belfast-northern-ireland/eds-bar-and-grill-banbridge?utm_source=api_basic_user&utm_medium=api&utm_campaign=v2.1,"26 Downshire Pl, Banbridge BT32 3DF",Banbridge,Belfast,320,54.3500126000,-6.2710016000,BT32 3DF,215,"Banbridge, Belfast",American,0,0,Not rated,0,0,0,[]
16675042,McDonald's,https://www.zomato.com/belfast-northern-ireland/mcdonalds-newtownhamilton?utm_source=api_basic_user&utm_medium=api&utm_campaign=v2.1,"Armagh Rd, Newtownhamilton BT60",Newry and Mourne,Belfast,320,54.2347550000,-6.5990475000,BT60,215,"Newry and Mourne, Belfast","American, Fast Food",0,0,Not rated,0,0,0,[]
16675046,McDonald's,https://www.zomato.com/belfast-northern-ireland/mcdonalds-dundonald?utm_source=api_basic_user&utm_medium=api&utm_campaign=v2.1,"Dundonald, Dundonald BT16",Castlereagh,Belfast,320,54.5945830000,-5.7991900000,BT16,215,"Castlereagh, Belfast","American, Fast Food",0,0,Not rated,0,0,0,[]
16675305,Slice of America,https://www.zomato.com/belfast-northern-ireland/slice-of-america-lurgan?utm_source=api_basic_user&utm_medium=api&utm_campaign=v2.1,"Lurgan, Lurgan BT66",Craigavon,Belfast,320,54.4648000000,-6.3360200000,BT66,215,"Craigavon, Belfast",American,0,0,Not rated,0,0,0,[]
16674668,Charlys,https://www.zomato.com/belfast-northern-ireland/charlys-coleraine?utm_source=api_basic_user&utm_medium=api&utm_campaign=v2.1,"34 Newbridge Rd, Coleraine BT52 1TP",Coleraine,Belfast,320,55.1166885000,-6.6323291000,BT52 1TP,215,"Coleraine, Belfast",American,0,0,Not rated,0,0,0,[]
16674747,Diner,https://www.zomato.com/belfast-northern-ireland/diner-magherafelt?utm_source=api_basic_user&utm_medium=api&utm_campaign=v2.1,"Queen St, Magherafelt BT45",Magherafelt,Belfast,320,54.7546026000,-6.6089404000,BT45,215,"Magherafelt, Belfast","American, Diner",0,0,Not rated,0,0,0,[]
16675310,Solomon Grundys,https://www.zomato.com/belfast-northern-ireland/solomon-grundys-ballymena?utm_source=api_basic_user&utm_medium=api&utm_campaign=v2.1,"Wellington St, Ballymena BT43",Ballymena,Belfast,320,54.8652513000,-6.2760344000,BT43,215,"Ballymena, Belfast",American,0,0,Not rated,0,0,0,[]
16675245,Rock Steady Diner,https://www.zomato.com/belfast-northern-ireland/rock-steady-diner-crossgar?utm_source=api_basic_user&utm_medium=api&utm_campaign=v2.1,"Crossgar, Crossgar BT30",Down,Belfast,320,54.3969400000,-5.7623200000,BT30,215,"Down, Belfast","American, Diner",0,0,Not rated,0,0,0,[]
16675044,McDonald's,https://www.zomato.com/belfast-northern-ireland/mcdonalds-newtownards?utm_source=api_basic_user&utm_medium=api&utm_campaign=v2.1,"Circular Rd, Newtownards BT23",Ards,Belfast,320,54.5905330000,-5.7057492000,BT23,215,"Ards, Belfast","American, Fast Food",0,0,Not rated,0,0,0,[]
16675300,Sizzlin Sausage Diner,https://www.zomato.com/belfast-northern-ireland/sizzlin-sausage-diner-ballymoney?utm_source=api_basic_user&utm_medium=api&utm_campaign=v2.1,"109 Newbridge Rd, Ballymoney BT53 6QN",Ballymoney,Belfast,320,55.0833420000,-6.5498832000,BT53 6QN,215,"Ballymoney, Belfast","American, Diner",0,0,Not rated,0,0,0,[]
16674605,Brownes Bar & Grill,https://www.zomato.com/belfast-northern-ireland/brownes-bar-grill-belfast?utm_source=api_basic_user&utm_medium=api&utm_campaign=v2.1,"91-93 Boucher Rd, Belfast BT12",Belfast,Belfast,320,54.5752086000,-5.9660700000,BT12,215,"Belfast, Belfast",American,0,0,Not rated,0,0,0,[]
16675309,Soda Joes,https://www.zomato.com/belfast-northern-ireland/soda-joes-belfast?utm_source=api_basic_user&utm_medium=api&utm_campaign=v2.1,"2 Queens Quay, Belfast BT3 9DT",Belfast,Belfast,320,54.6038173000,-5.9126616000,BT3 9DT,215,"Belfast, Belfast",American,0,0,Not rated,0,0,0,[]
16675038,McDonald's,https://www.zomato.com/belfast-northern-ireland/mcdonalds-londonderry?utm_source=api_basic_user&utm_medium=api&utm_campaign=v2.1,"200 Strand Rd, Londonderry BT48 7PU",Derry,Belfast,320,55.0115510000,-7.3164787000,BT48 7PU,215,"Derry, Belfast","American, Fast Food",0,0,Not rated,0,0,0,[]
16675047,McDonald's,https://www.zomato.com/belfast-northern-ireland/mcdonalds-6-belfast?utm_source=api_basic_user&utm_medium=api&utm_campaign=v2.1,"Kennedy Way Industrial Estate, Belfast BT1",Belfast,Belfast,320,54.5974433000,-5.9340683000,BT1,215,"Belfast, Belfast","American, Fast Food",0,0,Not rated,0,0,0,[]
16675039,McDonald's,https://www.zomato.com/belfast-northern-ireland/mcdonalds-5-belfast?utm_source=api_basic_user&utm_medium=api&utm_campaign=v2.1,"375 Newtownards Rd, Belfast BT5 5DL",Belfast,Belfast,320,54.5981640000,-5.8919880000,BT5 5DL,215,"Belfast, Belfast","American, Fast Food",0,0,Not rated,0,0,0,[]
16674674,Chillis Grill and Bar,https://www.zomato.com/belfast-northern-ireland/chillis-grill-and-bar-belfast?utm_source=api_basic_user&utm_medium=api&utm_campaign=v2.1,"Victoria Sq, Belfast BT1",Belfast,Belfast,320,54.5985576000,-5.9242468000,BT1,215,"Belfast, Belfast",American,0,0,Not rated,0,0,0,[]
16674776,Eds Bar and Grill,https://www.zomato.com/belfast-northern-ireland/eds-bar-and-grill-lisburn?utm_source=api_basic_user&utm_medium=api&utm_campaign=v2.1,"11 Lisburn Leisure Park, Lisburn BT28 1LP",Belfast,Belfast,320,54.5878300000,-5.9371910000,BT28 1LP,215,"Belfast, Belfast",American,0,0,Not rated,0,0,0,[]
16674943,Jukebox American Diner,https://www.zomato.com/belfast-northern-ireland/jukebox-american-diner-cookstown?utm_source=api_basic_user&utm_medium=api&utm_campaign=v2.1,"31 Chapel St, Cookstown BT80 8QB",Cookstown,Belfast,320,54.6403795000,-6.7442598000,BT80 8QB,215,"Cookstown, Belfast","American, Diner",0,0,Not rated,0,0,0,[]
16675048,McDonald's,https://www.zomato.com/belfast-northern-ireland/mcdonalds-2-newtownabbey?utm_source=api_basic_user&utm_medium=api&utm_campaign=v2.1,"Longwood Rd, Newtownabbey BT37 9UH",Newtownabbey,Belfast,320,54.6561241000,-5.9160105000,BT37 9UH,215,"Newtownabbey, Belfast","American, Fast Food",0,0,Not rated,0,0,0,[]
16675113,O'Briens Steakhouse,https://www.zomato.com/belfast-northern-ireland/obriens-steakhouse-londonderry?utm_source=api_basic_user&utm_medium=api&utm_campaign=v2.1,"59 Strand Rd, Londonderry BT48 7BN",Derry,Belfast,320,55.0004344000,-7.3222317000,BT48 7BN,215,"Derry, Belfast","American, Steak",0,0,Not rated,0,0,0,[]
17859114,Truffles Restaurant,https://www.zomato.com/belfast-northern-ireland/truffles-restaurant-belfast?utm_source=api_basic_user&utm_medium=api&utm_campaign=v2.1,"9 New Street, Belfast, Belfast",Belfast,Belfast,320,54.7496390000,-6.3207540000,,215,"Belfast, Belfast",American,30,0,Not rated,0,0,0,[]
16675543,Made In Belfast,https://www.zomato.com/belfast-northern-ireland/made-in-belfast-belfast?utm_source=api_basic_user&utm_medium=api&utm_campaign=v2.1,"23 Talbot Street, Belfast BT1",Belfast,Belfast,320,54.6025913000,-5.9280402000,BT1,215,"Belfast, Belfast","Burger, Steak, Irish",20,3.8,Good,6,0,0,[]
16675561,Guapo Fresh Mexican,https://www.zomato.com/belfast-northern-ireland/guapo-fresh-mexican-londonderry?utm_source=api_basic_user&utm_medium=api&utm_campaign=v2.1,"69 Strand Rd, Londonderry BT48 7BW",Derry,Belfast,320,55.0002015000,-7.3221852000,BT48 7BW,215,"Derry, Belfast","American, Mexican",5,0,Not rated,2,0,0,[]
16675444,Wolfes Burger Connoisseurs,https://www.zomato.com/belfast-northern-ireland/wolfes-burger-connoisseurs-belfast?utm_source=api_basic_user&utm_medium=api&utm_campaign=v2.1,"111 Old Dundonald Rd, Belfast BT16 1XT",Castlereagh,Belfast,320,54.5871090000,-5.8182500000,BT16 1XT,215,"Castlereagh, Belfast",Burger,0,0,Not rated,1,0,0,[]
17859109,Raincheck,https://www.zomato.com/belfast-northern-ireland/raincheck-belfast?utm_source=api_basic_user&utm_medium=api&utm_campaign=v2.1,"ARC Retail Units Queens Road Titanic Quarter, Belfast, Belfast",Belfast,Belfast,320,54.6044630000,-5.9128980000,,215,"Belfast, Belfast","American, British",60,0,Not rated,1,0,0,[]
17859115,Town Square,https://www.zomato.com/belfast-northern-ireland/town-square-belfast?utm_source=api_basic_user&utm_medium=api&utm_campaign=v2.1,"45 Botanic Avenue, Belfast, Belfast",Belfast,Belfast,320,54.5859074000,-5.9321738000,,215,"Belfast, Belfast","American, Coffee and Tea, Desserts",30,0,Not rated,1,0,0,[]
16674803,Flamin Jacks,https://www.zomato.com/belfast-northern-ireland/flamin-jacks-londonderry?utm_source=api_basic_user&utm_medium=api&utm_campaign=v2.1,"Strand Rd, Londonderry BT48",Derry,Belfast,320,55.0058243000,-7.3208806000,BT48,215,"Derry, Belfast","American, British",0,0,Not rated,1,0,0,[]
16674612,Burger King,https://www.zomato.com/belfast-northern-ireland/burger-king-2-belfast?utm_source=api_basic_user&utm_medium=api&utm_campaign=v2.1,"56 Donegall Pl Cleaver House, Belfast BT1 5BB",Belfast,Belfast,320,54.5986790000,-5.9302100000,BT1 5BB,215,"Belfast, Belfast",Burger,0,0,Not rated,1,0,0,[]
16675557,The Spinning Mill,https://www.zomato.com/belfast-northern-ireland/the-spinning-mill-ballymena?utm_source=api_basic_user&utm_medium=api&utm_campaign=v2.1,"17-21 Broughshane St, Ballymena BT43 6EB",Ballymena,Belfast,320,54.8665667000,-6.2735057000,BT43 6EB,215,"Ballymena, Belfast","Burger, Bar Food",5,0,Not rated,1,0,0,[]
16675552,Le Coop,https://www.zomato.com/belfast-northern-ireland/le-coop-belfast?utm_source=api_basic_user&utm_medium=api&utm_campaign=v2.1,"38 Hill St, Belfast BT1 2LB",Belfast,Belfast,320,54.6012857000,-5.9266182000,BT1 2LB,215,"Belfast, Belfast","American, Fast Food, French",5,0,Not rated,0,0,0,[]
16675498,Cabaret Supper Club,https://www.zomato.com/belfast-northern-ireland/cabaret-supper-club-belfast?utm_source=api_basic_user&utm_medium=api&utm_campaign=v2.1,"44 Upper Arthur St, Belfast BT1",Belfast,Belfast,320,54.5971083000,-5.9277150000,BT1,215,"Belfast, Belfast","American, Irish",20,0,Not rated,1,0,0,[]
17859118,Seasons - The Balmoral Hotel,https://www.zomato.com/belfast-northern-ireland/seasons-the-balmoral-hotel-belfast?utm_source=api_basic_user&utm_medium=api&utm_campaign=v2.1,"Blacks Road, Dunmurry, Belfast, Belfast",Belfast,Belfast,320,54.5606250000,-5.9996260000,,215,"Belfast, Belfast","British, American",50,0,Not rated,1,0,0,[]
16675508,Mamma Mia,https://www.zomato.com/belfast-northern-ireland/mamma-mia-north-down?utm_source=api_basic_user&utm_medium=api&utm_campaign=v2.1,"13b Ashbury Ave, North Down BT19 6TZ",Bangor,Belfast,320,54.6512033000,-5.6322125000,BT19 6TZ,215,"Bangor, Belfast","Burger, Pizza",5,0,Not rated,0,0,0,[]
16674715,Country Fried Chicken,https://www.zomato.com/belfast-northern-ireland/country-fried-chicken-banbridge?utm_source=api_basic_user&utm_medium=api&utm_campaign=v2.1,"79 Newry St, Banbridge BT32 3EA",Banbridge,Belfast,320,54.3477400000,-6.2715100000,BT32 3EA,215,"Banbridge, Belfast",Southern,0,0,Not rated,0,0,0,[]
16675418,Village Grill,https://www.zomato.com/belfast-northern-ireland/village-grill-dromara?utm_source=api_basic_user&utm_medium=api&utm_campaign=v2.1,"6-8 Dromore St, Dromara BT25 2BJ",Banbridge,Belfast,320,54.3796072000,-6.0186445000,BT25 2BJ,215,"Banbridge, Belfast","American, Bar Food, British",0,0,Not rated,0,0,0,[]
16674611,Burger King,https://www.zomato.com/belfast-northern-ireland/burger-king-1-belfast?utm_source=api_basic_user&utm_medium=api&utm_campaign=v2.1,"4 Bradford Court Drumkeen Retail Park, Belfast BT8 6RB",Castlereagh,Belfast,320,54.5497510000,-5.8993400000,BT8 6RB,215,"Castlereagh, Belfast",Burger,0,0,Not rated,0,0,0,[]
16674616,Burger King,https://www.zomato.com/belfast-northern-ireland/burger-king-4-belfast?utm_source=api_basic_user&utm_medium=api&utm_campaign=v2.1,"Royal Ave, Belfast BT1 1FE",Belfast,Belfast,320,54.6015400000,-5.9312400000,BT1 1FE,215,"Belfast, Belfast",Burger,0,0,Not rated,0,0,0,[]
16675084,Mourne Seafood Bar,https://www.zomato.com/belfast-northern-ireland/mourne-seafood-bar-belfast?utm_source=api_basic_user&utm_medium=api&utm_campaign=v2.1,"34-36 Bank St, Belfast BT1 1HL",Belfast,Belfast,320,54.5993650000,-5.9305930000,BT1 1HL,215,"Belfast, Belfast","Bar Food, Seafood",12,3.9,Good,27,0,0,[]
16675470,Crown Liquor Saloon,https://www.zomato.com/belfast-northern-ireland/crown-liquor-saloon-belfast?utm_source=api_basic_user&utm_medium=api&utm_campaign=v2.1,"46 Great Victoria St, Belfast BT2 7BA",Belfast,Belfast,320,54.5946436000,-5.9343274000,BT2 7BA,215,"Belfast, Belfast",Bar Food,12,3.6,Good,20,0,0,[]
16674933,James Street South,https://www.zomato.com/belfast-northern-ireland/james-street-south-belfast?utm_source=api_basic_user&utm_medium=api&utm_campaign=v2.1,"21 James St South, Belfast BT2 7GA",Belfast,Belfast,320,54.5954480000,-5.9328050000,BT2 7GA,215,"Belfast, Belfast","Bar Food, Scottish, British",12,3.9,Good,12,0,0,[]
16675082,Morning Star,https://www.zomato.com/belfast-northern-ireland/morning-star-belfast?utm_source=api_basic_user&utm_medium=api&utm_campaign=v2.1,"17-19 Pottingers Entry, Belfast BT1 4DT",Belfast,Belfast,320,54.5994355000,-5.9263477000,BT1 4DT,215,"Belfast, Belfast",Bar Food,5,0,Not rated,3,0,0,[]
16675392,Top of the Town,https://www.zomato.com/belfast-northern-ireland/top-of-the-town-antrim?utm_source=api_basic_user&utm_medium=api&utm_campaign=v2.1,"77 Fountain St, Antrim BT41 4BG",Antrim,Belfast,320,54.7134991000,-6.2080468000,BT41 4BG,215,"Antrim, Belfast",Bar Food,0,0,Not rated,2,0,0,[]
16674795,Exchange,https://www.zomato.com/belfast-northern-ireland/exchange-derry?utm_source=api_basic_user&utm_medium=api&utm_campaign=v2.1,"Exchange House Queens Quay Central District, Derry BT48 7AY",Derry,Belfast,320,55.0000000000,-7.3200000000,BT48 7AY,215,"Derry, Belfast",Bar Food,20,0,Not rated,1,0,0,[]
16674903,Hillside,https://www.zomato.com/belfast-northern-ireland/hillside-lisburn?utm_source=api_basic_user&utm_medium=api&utm_campaign=v2.1,"21-23 Main St, Lisburn BT26 6AE",Lisburn,Belfast,320,54.4614512000,-6.0841478000,BT26 6AE,215,"Lisburn, Belfast",Bar Food,0,0,Not rated,1,0,0,[]
16674983,Long's,https://www.zomato.com/belfast-northern-ireland/longs-belfast?utm_source=api_basic_user&utm_medium=api&utm_campaign=v2.1,"39 Athol St, Belfast BT12 4GX",Belfast,Belfast,320,54.5962600000,-5.9368080000,BT12 4GX,215,"Belfast, Belfast","Bar Food, British",5,0,Not rated,1,0,0,[]
16674663,Cellar,https://www.zomato.com/belfast-northern-ireland/cellar-ballycastle?utm_source=api_basic_user&utm_medium=api&utm_campaign=v2.1,"Ann St, Ballycastle BT54",Moyle,Belfast,320,55.2017892000,-6.2492768000,BT54,215,"Moyle, Belfast","Bar Food, Seafood",0,0,Not rated,1,0,0,[]
16675354,Sunflower,https://www.zomato.com/belfast-northern-ireland/sunflower-belfast?utm_source=api_basic_user&utm_medium=api&utm_campaign=v2.1,"590 Shore Rd, Belfast BT15 4HG",Belfast,Belfast,320,54.6384323000,-5.9234130000,BT15 4HG,215,"Belfast, Belfast",Bar Food,0,0,Not rated,1,0,0,[]
16675504,The Tap Room Restaurant at Hilden Brewery,https://www.zomato.com/belfast-northern-ireland/the-tap-room-restaurant-at-hilden-brewery-lisburn?utm_source=api_basic_user&utm_medium=api&utm_campaign=v2.1,"Grand St, Lisburn BT27",Lisburn,Belfast,320,54.5200289000,-6.0282627000,BT27,215,"Lisburn, Belfast","Bar Food, Irish",12,0,Not rated,1,0,0,[]
16675306,Smugglers Inn,https://www.zomato.com/belfast-northern-ireland/smugglers-inn-moyle?utm_source=api_basic_user&utm_medium=api&utm_campaign=v2.1,"306 Whitepark Rd, Moyle BT57 8SN",Moyle,Belfast,320,55.2247202000,-6.4896486000,BT57 8SN,215,"Moyle, Belfast",Bar Food,0,0,Not rated,1,0,0,[]
16674932,J D Tipler,https://www.zomato.com/belfast-northern-ireland/j-d-tipler-portadown?utm_source=api_basic_user&utm_medium=api&utm_campaign=v2.1,"Portadown, Portadown BT62",Craigavon,Belfast,320,54.4219300000,-6.4512900000,BT62,215,"Craigavon, Belfast",Bar Food,0,0,Not rated,1,0,0,[]
16675149,Parlour,https://www.zomato.com/belfast-northern-ireland/parlour-belfast?utm_source=api_basic_user&utm_medium=api&utm_campaign=v2.1,"2-4 Elmwood Ave, Belfast BT9 6AY",Belfast,Belfast,320,54.5844358000,-5.9378157000,BT9 6AY,215,"Belfast, Belfast",Bar Food,0,0,Not rated,1,0,0,[]
16675458,The Brewer's House,https://www.zomato.com/belfast-northern-ireland/the-brewers-house-donaghmore?utm_source=api_basic_user&utm_medium=api&utm_campaign=v2.1,"Main St, Donaghmore BT70 3ES",Dungannon and South Tyrone,Belfast,320,54.5310743000,-6.8125838000,BT70 3ES,215,"Dungannon and South Tyrone, Belfast","Bar Food, British",12,0,Not rated,0,0,0,[]
16675381,Thompsons on the River,https://www.zomato.com/belfast-northern-ireland/thompsons-on-the-river-derry?utm_source=api_basic_user&utm_medium=api&utm_campaign=v2.1,"City Hotel On Queens Quay Central District, Derry BT48 7AS",Derry,Belfast,320,55.0000000000,-7.3200000000,BT48 7AS,215,"Derry, Belfast",Bar Food,20,0,Not rated,1,0,0,[]
16675557,The Spinning Mill,https://www.zomato.com/belfast-northern-ireland/the-spinning-mill-ballymena?utm_source=api_basic_user&utm_medium=api&utm_campaign=v2.1,"17-21 Broughshane St, Ballymena BT43 6EB",Ballymena,Belfast,320,54.8665667000,-6.2735057000,BT43 6EB,215,"Ballymena, Belfast","Burger, Bar Food",5,0,Not rated,1,0,0,[]
16675002,Maghera Inn,https://www.zomato.com/belfast-northern-ireland/maghera-inn-castlewellan?utm_source=api_basic_user&utm_medium=api&utm_campaign=v2.1,"86 Ballyloughlin Rd, Castlewellan BT31 9HE",Down,Belfast,320,54.2414356000,-5.8992479000,BT31 9HE,215,"Down, Belfast",Bar Food,0,0,Not rated,1,0,0,[]
16674732,Dans Bar,https://www.zomato.com/belfast-northern-ireland/dans-bar-bessbrook?utm_source=api_basic_user&utm_medium=api&utm_campaign=v2.1,"Bessbrook, Bessbrook BT35 7AB",Newry and Mourne,Belfast,320,54.1956600000,-6.3942300000,BT35 7AB,215,"Newry and Mourne, Belfast",Bar Food,0,0,Not rated,0,0,0,[]
16675418,Village Grill,https://www.zomato.com/belfast-northern-ireland/village-grill-dromara?utm_source=api_basic_user&utm_medium=api&utm_campaign=v2.1,"6-8 Dromore St, Dromara BT25 2BJ",Banbridge,Belfast,320,54.3796072000,-6.0186445000,BT25 2BJ,215,"Banbridge, Belfast","American, Bar Food, British",0,0,Not rated,0,0,0,[]
16675085,Mourne Seafood Bar,https://www.zomato.com/belfast-northern-ireland/mourne-seafood-bar-dundrum?utm_source=api_basic_user&utm_medium=api&utm_campaign=v2.1,"Dundrum, Dundrum BT33",Down,Belfast,320,54.2583300000,-5.8423000000,BT33,215,"Down, Belfast","Bar Food, Seafood",0,0,Not rated,0,0,0,[]
16674978,Lobster Pot,https://www.zomato.com/belfast-northern-ireland/lobster-pot-strangford?utm_source=api_basic_user&utm_medium=api&utm_campaign=v2.1,"Strangford, Strangford BT30",Down,Belfast,320,54.3697900000,-5.5556900000,BT30,215,"Down, Belfast","Bar Food, Seafood",0,0,Not rated,0,0,0,[]
16674654,Carriages,https://www.zomato.com/belfast-northern-ireland/carriages-larne?utm_source=api_basic_user&utm_medium=api&utm_campaign=v2.1,"105 Main St, Larne BT40 1HJ",Larne,Belfast,320,54.8513583000,-5.8186112000,BT40 1HJ,215,"Larne, Belfast",Bar Food,0,0,Not rated,0,0,0,[]
16675091,Murphys on the Green,https://www.zomato.com/belfast-northern-ireland/murphys-on-the-green-strabane?utm_source=api_basic_user&utm_medium=api&utm_campaign=v2.1,"9 Bowling Green, Strabane BT82 8BW",Strabane,Belfast,320,54.8256744000,-7.4612646000,BT82 8BW,215,"Strabane, Belfast",Bar Food,0,0,Not rated,0,0,0,[]
19474807,The Kitchen,https://www.zomato.com/belfast-northern-ireland/the-kitchen-castlereagh?utm_source=api_basic_user&utm_medium=api&utm_campaign=v2.1,"Victoria Square Shopping Centre, 1 Victoria Square, Castlereagh, Belfast",Castlereagh,Belfast,320,54.5985390000,-5.9245570000,,215,"Castlereagh, Belfast","Irish, Bar Food, British, Pub Food",45,0,Not rated,0,0,0,[]
16674930,The Ivory Restaurant/Bar,https://www.zomato.com/belfast-northern-ireland/the-ivory-restaurant-bar-belfast?utm_source=api_basic_user&utm_medium=api&utm_campaign=v2.1,"3rd Floor House Of Fraser, Belfast BT1 4QG",Belfast,Belfast,320,54.5975886000,-5.9932250000,BT1 4QG,215,"Belfast, Belfast","European, British, Bar Food",12,0,Not rated,0,0,0,[]
16675534,Gillies Bar & Grill,https://www.zomato.com/belfast-northern-ireland/gillies-bar-grill-ballymena?utm_source=api_basic_user&utm_medium=api&utm_campaign=v2.1,"136 Fenaghy Rd, Ballymena BT42",Ballymena,Belfast,320,54.8755485000,-6.3428230000,BT42,215,"Ballymena, Belfast",Bar Food,0,0,Not rated,0,0,0,[]
16674911,Ice House,https://www.zomato.com/belfast-northern-ireland/ice-house-coleraine?utm_source=api_basic_user&utm_medium=api&utm_campaign=v2.1,"9 The Promenade, Coleraine BT55 7AD",Coleraine,Belfast,320,55.1859343000,-6.7200714000,BT55 7AD,215,"Coleraine, Belfast",Bar Food,0,0,Not rated,0,0,0,[]
16674558,Beatrice Kennedy,https://www.zomato.com/belfast-northern-ireland/beatrice-kennedy-belfast?utm_source=api_basic_user&utm_medium=api&utm_campaign=v2.1,"44 University Rd, Belfast BT7 1NJ",Belfast,Belfast,320,54.5860191000,-5.9358139000,BT7 1NJ,215,"Belfast, Belfast","European, Bar Food, British",12,0,Not rated,0,0,0,[]
16674784,Embers,https://www.zomato.com/belfast-northern-ireland/embers-keady?utm_source=api_basic_user&utm_medium=api&utm_campaign=v2.1,"7 Market St, Keady BT60 3RP",Armagh,Belfast,320,54.2483596000,-6.7056311000,BT60 3RP,215,"Armagh, Belfast",Bar Food,0,0,Not rated,0,0,0,[]
16675421,Washington,https://www.zomato.com/belfast-northern-ireland/washington-belfast?utm_source=api_basic_user&utm_medium=api&utm_campaign=v2.1,"21 Howard St, Belfast BT1 6NB",Belfast,Belfast,320,54.5960359000,-5.9333321000,BT1 6NB,215,"Belfast, Belfast","Bar Food, Sandwich, British",0,0,Not rated,0,0,0,[]
16674755,Dormans Bar,https://www.zomato.com/belfast-northern-ireland/dormans-bar-coalisland?utm_source=api_basic_user&utm_medium=api&utm_campaign=v2.1,"Coalisland, Coalisland BT71",Dungannon and South Tyrone,Belfast,320,54.5398700000,-6.7022800000,BT71,215,"Dungannon and South Tyrone, Belfast",Bar Food,0,0,Not rated,0,0,0,[]
16674754,Dormans Bar,https://www.zomato.com/belfast-northern-ireland/dormans-bar-magherafelt?utm_source=api_basic_user&utm_medium=api&utm_campaign=v2.1,"15-17 Queen St, Magherafelt BT45 6AA",Magherafelt,Belfast,320,54.7548016000,-6.6089473000,BT45 6AA,215,"Magherafelt, Belfast",Bar Food,0,0,Not rated,0,0,0,[]
16674896,Harry Ramsdens,https://www.zomato.com/belfast-northern-ireland/harry-ramsdens-belfast?utm_source=api_basic_user&utm_medium=api&utm_campaign=v2.1,"60 Botanic Ave, Belfast BT7 1JR",Belfast,Belfast,320,54.5880448000,-5.9328988000,BT7 1JR,215,"Belfast, Belfast","Fast Food, Bar Food",0,0,Not rated,0,0,0,[]
16675194,Portside Inn,https://www.zomato.com/belfast-northern-ireland/portside-inn-belfast?utm_source=api_basic_user&utm_medium=api&utm_campaign=v2.1,"Dargan Rd, Belfast BT3 9JU",Belfast,Belfast,320,54.6297490000,-5.9008400000,BT3 9JU,215,"Belfast, Belfast",Bar Food,0,0,Not rated,0,0,0,[]
16674743,Denvir's Hotel,https://www.zomato.com/belfast-northern-ireland/denvirs-hotel-downpatrick?utm_source=api_basic_user&utm_medium=api&utm_campaign=v2.1,"14-16 English St, Downpatrick BT30 6AB",Down,Belfast,320,54.3300000000,-5.7200000000,BT30 6AB,215,"Down, Belfast",Bar Food,12,0,Not rated,0,0,0,[]
16675021,Marquis of Downshire,https://www.zomato.com/belfast-northern-ireland/marquis-of-downshire-lisburn?utm_source=api_basic_user&utm_medium=api&utm_campaign=v2.1,"1-3 Lisburn St, Lisburn BT26 6AB",Lisburn,Belfast,320,54.4629466000,-6.0829687000,BT26 6AB,215,"Lisburn, Belfast",Bar Food,0,0,Not rated,0,0,0,[]
16675501,Titanic Pub & Kitchen,https://www.zomato.com/belfast-northern-ireland/titanic-pub-kitchen-belfast?utm_source=api_basic_user&utm_medium=api&utm_campaign=v2.1,"2-14 Little Donegall St, Belfast BT1 2JD",Belfast,Belfast,320,54.6032983000,-5.9315371000,BT1 2JD,215,"Belfast, Belfast","Bar Food, Irish",12,0,Not rated,0,0,0,[]
16675070,Millars Bar,https://www.zomato.com/belfast-northern-ireland/millars-bar-ballycarry?utm_source=api_basic_user&utm_medium=api&utm_campaign=v2.1,"Ballycarry, Ballycarry BT38",Larne,Belfast,320,54.7734200000,-5.7475800000,BT38,215,"Larne, Belfast",Bar Food,5,0,Not rated,0,0,0,[]
16675090,Murphys Bar and,https://www.zomato.com/belfast-northern-ireland/murphys-bar-and-pomeroy?utm_source=api_basic_user&utm_medium=api&utm_campaign=v2.1,"Pomeroy, Pomeroy BT70",Cookstown,Belfast,320,54.5944400000,-6.9313000000,BT70,215,"Cookstown, Belfast",Bar Food,0,0,Not rated,0,0,0,[]
16674934,Jazzberries Bistro,https://www.zomato.com/belfast-northern-ireland/jazzberries-bistro-londonderry?utm_source=api_basic_user&utm_medium=api&utm_campaign=v2.1,"Eglinton, Londonderry BT47 3GY",Derry,Belfast,320,55.0427780000,-7.1611110000,BT47 3GY,215,"Derry, Belfast",Bar Food,0,0,Not rated,0,0,0,[]
16675127,Oldtown Inn,https://www.zomato.com/belfast-northern-ireland/oldtown-inn-cookstown?utm_source=api_basic_user&utm_medium=api&utm_campaign=v2.1,"12 Oldtown St, Cookstown BT80 8EF",Cookstown,Belfast,320,54.6487779000,-6.7457008000,BT80 8EF,215,"Cookstown, Belfast",Bar Food,0,0,Not rated,0,0,0,[]
16674749,Dolphin Seaweed,https://www.zomato.com/belfast-northern-ireland/dolphin-seaweed-dunmurry?utm_source=api_basic_user&utm_medium=api&utm_campaign=v2.1,"Dunmurry, Dunmurry BT17",Lisburn,Belfast,320,54.5506270000,-6.0100520000,BT17,215,"Lisburn, Belfast","Bar Food, Seafood",0,0,Not rated,0,0,0,[]
16674628,Cafe Fish,https://www.zomato.com/belfast-northern-ireland/cafe-fish-belfast?utm_source=api_basic_user&utm_medium=api&utm_campaign=v2.1,"539 Lisburn Rd, Belfast BT9 7GQ",Belfast,Belfast,320,54.5729520000,-5.9594215000,BT9 7GQ,215,"Belfast, Belfast","Bar Food, Seafood",0,0,Not rated,0,0,0,[]
16674700,The Cohannon Inn,https://www.zomato.com/belfast-northern-ireland/the-cohannon-inn-dungannon-and-south-tyrone?utm_source=api_basic_user&utm_medium=api&utm_campaign=v2.1,"212 Ballynakilly Road, Dungannon and South Tyrone, Belfast BT71 6HJ",Dungannon and South Tyrone,Belfast,320,54.5006740000,-6.6580160000,BT71 6HJ,215,"Dungannon and South Tyrone, Belfast",Bar Food,0,0,Not rated,0,0,0,[]
16675060,McNultys,https://www.zomato.com/belfast-northern-ireland/mcnultys-moville?utm_source=api_basic_user&utm_medium=api&utm_campaign=v2.1,"84 Lower Main St, Moville BT47 3GY",Limavady,Belfast,320,55.1886392000,-7.0409348000,BT47 3GY,215,"Limavady, Belfast",Bar Food,0,0,Not rated,0,0,0,[]
16675434,Whitefort Inn,https://www.zomato.com/belfast-northern-ireland/whitefort-inn-belfast?utm_source=api_basic_user&utm_medium=api&utm_campaign=v2.1,"Andersonstown Rd West Belfast, Belfast BT11 9AH",Belfast,Belfast,320,54.5800000000,-5.9800000000,BT11 9AH,215,"Belfast, Belfast",Bar Food,12,0,Not rated,0,0,0,[]
16675545,Marine Restaurant,https://www.zomato.com/belfast-northern-ireland/marine-restaurant-moyle?utm_source=api_basic_user&utm_medium=api&utm_campaign=v2.1,"1-3 North Street, Moyle BT54 6BN",Moyle,Belfast,320,55.2049515000,-6.2397839000,BT54 6BN,215,"Moyle, Belfast",Bar Food,12,0,Not rated,0,0,0,[]
16675523,RBG Bar & Grill - Belfast,https://www.zomato.com/belfast-northern-ireland/rbg-bar-grill-belfast-belfast?utm_source=api_basic_user&utm_medium=api&utm_campaign=v2.1,"4 Clarence Street West, Belfast BT2 7GP",Belfast,Belfast,320,54.5940728000,-5.9319485000,BT2 7GP,215,"Belfast, Belfast",Bar Food,0,0,Not rated,0,0,0,[]
16675441,Windmill Grill,https://www.zomato.com/belfast-northern-ireland/windmill-grill-millisle?utm_source=api_basic_user&utm_medium=api&utm_campaign=v2.1,"Millisle, Millisle BT22 2HR",Ards,Belfast,320,54.6083100000,-5.5290000000,BT22 2HR,215,"Ards, Belfast","Fast Food, Bar Food",0,0,Not rated,0,0,0,[]
16674550,Bar Twelve,https://www.zomato.com/belfast-northern-ireland/bar-twelve-belfast?utm_source=api_basic_user&utm_medium=api&utm_campaign=v2.1,"13 Lower Crescent, Belfast BT7 1NR",Belfast,Belfast,320,54.5880535000,-5.9333830000,BT7 1NR,215,"Belfast, Belfast","Bar Food, British",0,0,Not rated,0,0,0,[]
16674646,Caledon Arms,https://www.zomato.com/belfast-northern-ireland/caledon-arms-dungannon-and-south-tyrone?utm_source=api_basic_user&utm_medium=api&utm_campaign=v2.1,"44 Main St, Dungannon and South Tyrone BT68 4TZ",Dungannon and South Tyrone,Belfast,320,54.3514152000,-6.8374200000,BT68 4TZ,215,"Dungannon and South Tyrone, Belfast",Bar Food,0,0,Not rated,0,0,0,[]
16675408,Union Street,https://www.zomato.com/belfast-northern-ireland/union-street-belfast?utm_source=api_basic_user&utm_medium=api&utm_campaign=v2.1,"8-14 Union St, Belfast BT1 2JF",Belfast,Belfast,320,54.6040472000,-5.9314468000,BT1 2JF,215,"Belfast, Belfast",Bar Food,0,0,Not rated,0,0,0,[]
16674772,Edfield,https://www.zomato.com/belfast-northern-ireland/edfield-fivemiletown?utm_source=api_basic_user&utm_medium=api&utm_campaign=v2.1,"Main St, Fivemiletown BT75",Dungannon and South Tyrone,Belfast,320,54.3779578000,-7.3159462000,BT75,215,"Dungannon and South Tyrone, Belfast","Bar Food, British",0,0,Not rated,0,0,0,[]
16675120,Ocean Drive Bar,https://www.zomato.com/belfast-northern-ireland/ocean-drive-bar-donaghadee?utm_source=api_basic_user&utm_medium=api&utm_campaign=v2.1,"31 Parade, Donaghadee BT21 0HE",Ards,Belfast,320,54.6428110000,-5.5330800000,BT21 0HE,215,"Ards, Belfast",Bar Food,0,0,Not rated,0,0,0,[]
16674726,Currans Bar and Seafood Steakhouse,https://www.zomato.com/belfast-northern-ireland/currans-bar-and-seafood-steakhouse-ardglass?utm_source=api_basic_user&utm_medium=api&utm_campaign=v2.1,"Ardglass, Ardglass BT30 7SA",Down,Belfast,320,54.2601900000,-5.6101500000,BT30 7SA,215,"Down, Belfast","Bar Food, Seafood",0,0,Not rated,0,0,0,[]
16675325,Sportsman Bar,https://www.zomato.com/belfast-northern-ireland/sportsman-bar-moyle?utm_source=api_basic_user&utm_medium=api&utm_campaign=v2.1,"150 Main St, Moyle BT57 8QE",Moyle,Belfast,320,55.2033622000,-6.5202199000,BT57 8QE,215,"Moyle, Belfast",Bar Food,0,0,Not rated,0,0,0,[]
16675081,Morans Bar,https://www.zomato.com/belfast-northern-ireland/morans-bar-moneymore?utm_source=api_basic_user&utm_medium=api&utm_campaign=v2.1,"Littlebridge Rd, Moneymore BT80",Cookstown,Belfast,320,54.6403062000,-6.6615570000,BT80,215,"Cookstown, Belfast",Bar Food,0,0,Not rated,0,0,0,[]
16675280,School House Bar,https://www.zomato.com/belfast-northern-ireland/school-house-bar-strabane?utm_source=api_basic_user&utm_medium=api&utm_campaign=v2.1,"2 Castlefin Rd, Strabane BT81 7BT",Strabane,Belfast,320,54.7110515000,-7.5940939000,BT81 7BT,215,"Strabane, Belfast",Bar Food,0,0,Not rated,0,0,0,[]
16675333,Squires,https://www.zomato.com/belfast-northern-ireland/squires-fermanagh?utm_source=api_basic_user&utm_medium=api&utm_campaign=v2.1,"Killyvilly, Fermanagh BT74",Fermanagh,Belfast,320,54.3542594000,-7.5941040000,BT74,215,"Fermanagh, Belfast","Bar Food, British",0,0,Not rated,0,0,0,[]
16675457,Zumo Juice Bar,https://www.zomato.com/belfast-northern-ireland/zumo-juice-bar-newtownabbey?utm_source=api_basic_user&utm_medium=api&utm_campaign=v2.1,"Abbeycentre, Newtownabbey BT37 9UH",Newtownabbey,Belfast,320,54.6559790000,-5.9179900000,BT37 9UH,215,"Newtownabbey, Belfast",Beverages,0,0,Not rated,0,0,0,[]
16674881,Guava Juice Bar,https://www.zomato.com/belfast-northern-ireland/guava-juice-bar-belfast?utm_source=api_basic_user&utm_medium=api&utm_campaign=v2.1,"15 Amelia St, Belfast BT2 7GS",Belfast,Belfast,320,54.5945848000,-5.9333952000,BT2 7GS,215,"Belfast, Belfast",Beverages,0,0,Not rated,0,0,0,[]
16675530,Nu Delhi,https://www.zomato.com/belfast-northern-ireland/nu-delhi-belfast?utm_source=api_basic_user&utm_medium=api&utm_campaign=v2.1,"25 Bruce Street, Belfast, Belfast BT2",Belfast,Belfast,320,54.5930390000,-5.9332130000,BT2,215,"Belfast, Belfast",Asian,0,3.2,Average,6,0,0,[]
16674842,Ginger Bistro,https://www.zomato.com/belfast-northern-ireland/ginger-bistro-belfast?utm_source=api_basic_user&utm_medium=api&utm_campaign=v2.1,"7-8 Hope St, Belfast BT12 5EE",Belfast,Belfast,320,54.5933490000,-5.9360100000,BT12 5EE,215,"Belfast, Belfast","Asian, Moroccan",5,3.9,Good,10,0,0,[]
16675375,Temple,https://www.zomato.com/belfast-northern-ireland/temple-belfast?utm_source=api_basic_user&utm_medium=api&utm_campaign=v2.1,"62 Andersonstown Rd, Belfast BT11 9AN",Belfast,Belfast,320,54.5762060000,-5.9813210000,BT11 9AN,215,"Belfast, Belfast",Asian,0,0,Not rated,1,0,0,[]
16674864,Good Fortune,https://www.zomato.com/belfast-northern-ireland/good-fortune-belfast?utm_source=api_basic_user&utm_medium=api&utm_campaign=v2.1,"Library Court Upper Newtownards Rd, Belfast BT4 3GE",Belfast,Belfast,320,54.5970950000,-5.8853210000,BT4 3GE,215,"Belfast, Belfast",Asian,0,0,Not rated,3,0,0,[]
16674683,Chopsticks Takeaway,https://www.zomato.com/belfast-northern-ireland/chopsticks-takeaway-belfast?utm_source=api_basic_user&utm_medium=api&utm_campaign=v2.1,"299 Holywood Rd, Belfast BT4 2EX",Belfast,Belfast,320,54.6061590000,-5.8711590000,BT4 2EX,215,"Belfast, Belfast",Asian,0,0,Not rated,2,0,0,[]
16675216,Red Panda,https://www.zomato.com/belfast-northern-ireland/red-panda-antrim?utm_source=api_basic_user&utm_medium=api&utm_campaign=v2.1,"Ballymena Rd Junction One Retail Centre, Antrim BT41 4JG",Antrim,Belfast,320,54.7209930000,-6.2212320000,BT41 4JG,215,"Antrim, Belfast",Asian,0,0,Not rated,2,0,0,[]
16675492,Bombay Brasserie - Belfast,https://www.zomato.com/belfast-northern-ireland/bombay-brasserie-belfast-belfast?utm_source=api_basic_user&utm_medium=api&utm_campaign=v2.1,"241 Lisburn Rd, Belfast, Belfast BT9 6GH",Belfast,Belfast,320,54.5815520000,-5.9478790000,BT9 6GH,215,"Belfast, Belfast",Asian,0,0,Not rated,3,0,0,[]
16675009,Man Lee,https://www.zomato.com/belfast-northern-ireland/man-lee-lisburn?utm_source=api_basic_user&utm_medium=api&utm_campaign=v2.1,"122 Ballymacash Rd, Lisburn BT28 3EZ",Lisburn,Belfast,320,54.5257348000,-6.0775436000,BT28 3EZ,215,"Lisburn, Belfast",Asian,0,0,Not rated,0,0,0,[]
16674959,Koi Asian Cuisine,https://www.zomato.com/belfast-northern-ireland/koi-asian-cuisine-holywood?utm_source=api_basic_user&utm_medium=api&utm_campaign=v2.1,"Holywood, Holywood BT18 9AB",Holywood,Belfast,320,54.6394900000,-5.8377800000,BT18 9AB,215,"Holywood, Belfast",Asian,0,0,Not rated,1,0,0,[]
16674861,Golden Star,https://www.zomato.com/belfast-northern-ireland/golden-star-belfast?utm_source=api_basic_user&utm_medium=api&utm_campaign=v2.1,"862 Crumlin Rd, Belfast BT14 8AE",Belfast,Belfast,320,54.6228070000,-5.9766660000,BT14 8AE,215,"Belfast, Belfast",Asian,0,0,Not rated,1,0,0,[]
16675102,New Orient,https://www.zomato.com/belfast-northern-ireland/new-orient-donaghadee?utm_source=api_basic_user&utm_medium=api&utm_campaign=v2.1,"6 High St, Donaghadee BT21 0AA",Ards,Belfast,320,54.6403160000,-5.5342540000,BT21 0AA,215,"Ards, Belfast",Asian,0,0,Not rated,0,0,0,[]
16674851,Golden Bowl,https://www.zomato.com/belfast-northern-ireland/golden-bowl-cookstown?utm_source=api_basic_user&utm_medium=api&utm_campaign=v2.1,"54 Oldtown St, Cookstown BT80 8EF",Cookstown,Belfast,320,54.6500948000,-6.7457146000,BT80 8EF,215,"Cookstown, Belfast",Asian,0,0,Not rated,0,0,0,[]
16675455,Zen,https://www.zomato.com/belfast-northern-ireland/zen-belfast?utm_source=api_basic_user&utm_medium=api&utm_campaign=v2.1,"55-59 Adelaide St, Belfast BT2 8FE",Belfast,Belfast,320,54.5946422000,-5.9283958000,BT2 8FE,215,"Belfast, Belfast","Japanese, Sushi, Fusion",20,3.1,Average,10,0,0,[]
16674991,Lucky House,https://www.zomato.com/belfast-northern-ireland/lucky-house-newtownards?utm_source=api_basic_user&utm_medium=api&utm_campaign=v2.1,"26 Mill St, Newtownards BT23 5EQ",Ards,Belfast,320,54.5933420000,-5.7001720000,BT23 5EQ,215,"Ards, Belfast",Asian,0,0,Not rated,0,0,0,[]
16675443,Wok Ltd.,https://www.zomato.com/belfast-northern-ireland/wok-ltd-belfast?utm_source=api_basic_user&utm_medium=api&utm_campaign=v2.1,"126 Great Victoria St, Belfast BT2 7BG",Belfast,Belfast,320,54.5911830000,-5.9339610000,BT2 7BG,215,"Belfast, Belfast",Asian,0,0,Not rated,0,0,0,[]
16674850,Golden Bamboo,https://www.zomato.com/belfast-northern-ireland/golden-bamboo-ballymena?utm_source=api_basic_user&utm_medium=api&utm_campaign=v2.1,"53 Larne St, Ballymena BT42 3AL",Ballymena,Belfast,320,54.8593750000,-6.2747600000,BT42 3AL,215,"Ballymena, Belfast",Asian,0,0,Not rated,0,0,0,[]
16674719,Crazy Wok,https://www.zomato.com/belfast-northern-ireland/crazy-wok-newtownabbey?utm_source=api_basic_user&utm_medium=api&utm_campaign=v2.1,"42-70 Carnmoney Rd, Newtownabbey BT36 6HP",Newtownabbey,Belfast,320,54.6746290000,-5.9560620000,BT36 6HP,215,"Newtownabbey, Belfast",Asian,0,0,Not rated,0,0,0,[]
16674666,Chan's Kitchen,https://www.zomato.com/belfast-northern-ireland/chans-kitchen-belfast?utm_source=api_basic_user&utm_medium=api&utm_campaign=v2.1,"535 Antrim Rd, Belfast BT15 3BU",Belfast,Belfast,320,54.6248890000,-5.9381630000,BT15 3BU,215,"Belfast, Belfast",Asian,0,0,Not rated,0,0,0,[]
16675456,Zen Two,https://www.zomato.com/belfast-northern-ireland/zen-two-belfast?utm_source=api_basic_user&utm_medium=api&utm_campaign=v2.1,"92-94 Lisburn Rd, Belfast BT9 6AG",Belfast,Belfast,320,54.5852055000,-5.9413855000,BT9 6AG,215,"Belfast, Belfast",Asian,0,0,Not rated,0,0,0,[]
16675104,New Wing Wah,https://www.zomato.com/belfast-northern-ireland/new-wing-wah-belfast?utm_source=api_basic_user&utm_medium=api&utm_campaign=v2.1,"133 Holywood Rd, Belfast BT4 3BE",Belfast,Belfast,320,54.6002310000,-5.8800400000,BT4 3BE,215,"Belfast, Belfast",Asian,0,0,Not rated,0,0,0,[]
16674788,Emperor City,https://www.zomato.com/belfast-northern-ireland/emperor-city-belfast?utm_source=api_basic_user&utm_medium=api&utm_campaign=v2.1,"91 Saintfield Rd, Belfast BT8 7HN",Castlereagh,Belfast,320,54.5570910000,-5.9088300000,BT8 7HN,215,"Castlereagh, Belfast",Asian,0,0,Not rated,0,0,0,[]
16675133,Oriental Emperor,https://www.zomato.com/belfast-northern-ireland/oriental-emperor-down?utm_source=api_basic_user&utm_medium=api&utm_campaign=v2.1,"13 Church St, Down BT30 6EH",Down,Belfast,320,54.3297873000,-5.7155285000,BT30 6EH,215,"Down, Belfast",Asian,0,0,Not rated,0,0,0,[]
16674852,Golden Bridge,https://www.zomato.com/belfast-northern-ireland/golden-bridge-craigavon?utm_source=api_basic_user&utm_medium=api&utm_campaign=v2.1,"71-73 Bridge St, Craigavon BT63 5AA",Craigavon,Belfast,320,54.4259910000,-6.4378700000,BT63 5AA,215,"Craigavon, Belfast",Asian,0,0,Not rated,0,0,0,[]
16674916,Imperial Palace,https://www.zomato.com/belfast-northern-ireland/imperial-palace-belfast?utm_source=api_basic_user&utm_medium=api&utm_campaign=v2.1,"5 Glen Rd, Belfast BT11 8BA",Belfast,Belfast,320,54.5842468000,-5.9792505000,BT11 8BA,215,"Belfast, Belfast",Asian,0,0,Not rated,0,0,0,[]
16675076,Moghul House,https://www.zomato.com/belfast-northern-ireland/moghul-house-belfast?utm_source=api_basic_user&utm_medium=api&utm_campaign=v2.1,"60 Great Victoria St, Belfast BT2 7BB",Belfast,Belfast,320,54.5939100000,-5.9341440000,BT2 7BB,215,"Belfast, Belfast",Asian,0,0,Not rated,0,0,0,[]
16675013,Mandarin Palace,https://www.zomato.com/belfast-northern-ireland/mandarin-palace-belfast?utm_source=api_basic_user&utm_medium=api&utm_campaign=v2.1,"Finaghy, Belfast BT10",Belfast,Belfast,320,54.5599690000,-5.9783010000,BT10,215,"Belfast, Belfast",Asian,0,0,Not rated,0,0,0,[]
16675014,Manderin City,https://www.zomato.com/belfast-northern-ireland/manderin-city-belfast?utm_source=api_basic_user&utm_medium=api&utm_campaign=v2.1,"273 Upper Newtownards Rd, Belfast BT4 3JF",Belfast,Belfast,320,54.5955890000,-5.8719720000,BT4 3JF,215,"Belfast, Belfast",Asian,0,0,Not rated,0,0,0,[]
16674993,Lurgan Oriental,https://www.zomato.com/belfast-northern-ireland/lurgan-oriental-lurgan?utm_source=api_basic_user&utm_medium=api&utm_campaign=v2.1,"Lurgan, Lurgan BT66",Craigavon,Belfast,320,54.4648000000,-6.3360200000,BT66,215,"Craigavon, Belfast",Asian,0,0,Not rated,0,0,0,[]
16674860,Golden River,https://www.zomato.com/belfast-northern-ireland/golden-river-banbridge?utm_source=api_basic_user&utm_medium=api&utm_campaign=v2.1,"Systems House 34 Scarva St, Banbridge BT32 3DD",Banbridge,Belfast,320,54.3502390000,-6.2806220000,BT32 3DD,215,"Banbridge, Belfast",Asian,0,0,Not rated,0,0,0,[]
16675092,Nabuhay,https://www.zomato.com/belfast-northern-ireland/nabuhay-belfast?utm_source=api_basic_user&utm_medium=api&utm_campaign=v2.1,"93 Castle St, Belfast BT1 1GJ",Belfast,Belfast,320,54.5993230000,-5.9336970000,BT1 1GJ,215,"Belfast, Belfast",Asian,0,0,Not rated,0,0,0,[]
16675446,Wooden Boat,https://www.zomato.com/belfast-northern-ireland/wooden-boat-cookstown?utm_source=api_basic_user&utm_medium=api&utm_campaign=v2.1,"7 Kinturk Rd, Cookstown BT80 0JD",Cookstown,Belfast,320,54.6557716000,-6.5199786000,BT80 0JD,215,"Cookstown, Belfast",Asian,0,0,Not rated,0,0,0,[]
16674828,Furama the Cantonese,https://www.zomato.com/belfast-northern-ireland/furama-the-cantonese-antrim?utm_source=api_basic_user&utm_medium=api&utm_campaign=v2.1,"66 Church St, Antrim BT41 4BA",Antrim,Belfast,320,54.7134900000,-6.2118060000,BT41 4BA,215,"Antrim, Belfast",Asian,0,0,Not rated,0,0,0,[]
16674941,Joy King,https://www.zomato.com/belfast-northern-ireland/joy-king-belfast?utm_source=api_basic_user&utm_medium=api&utm_campaign=v2.1,"532-534 Oldpark Rd, Belfast BT14 6QJ",Belfast,Belfast,320,54.6227680000,-5.9589370000,BT14 6QJ,215,"Belfast, Belfast",Asian,0,0,Not rated,0,0,0,[]
16675366,Tangs Takeaway and,https://www.zomato.com/belfast-northern-ireland/tangs-takeaway-and-magherafelt?utm_source=api_basic_user&utm_medium=api&utm_campaign=v2.1,"44 Queen St, Magherafelt BT45 6AB",Magherafelt,Belfast,320,54.7547274000,-6.6090362000,BT45 6AB,215,"Magherafelt, Belfast",Asian,0,0,Not rated,0,0,0,[]
16674906,Hong Kong City,https://www.zomato.com/belfast-northern-ireland/hong-kong-city-lisburn?utm_source=api_basic_user&utm_medium=api&utm_campaign=v2.1,"139 Longstone St, Lisburn BT28 1ET",Lisburn,Belfast,320,54.5092620000,-6.0579170000,BT28 1ET,215,"Lisburn, Belfast",Asian,0,0,Not rated,0,0,0,[]
16675132,Oriental,https://www.zomato.com/belfast-northern-ireland/oriental-belfast?utm_source=api_basic_user&utm_medium=api&utm_campaign=v2.1,"25-33 Dublin Rd, Belfast BT2 7HB",Belfast,Belfast,320,54.5921624000,-5.9324496000,BT2 7HB,215,"Belfast, Belfast",Asian,0,0,Not rated,0,0,0,[]
16675445,Wong's Royale,https://www.zomato.com/belfast-northern-ireland/wongs-royale-newtownards?utm_source=api_basic_user&utm_medium=api&utm_campaign=v2.1,"64 New Harbour Rd, Newtownards BT22 1EB",Ards,Belfast,320,54.4563370000,-5.4437170000,BT22 1EB,215,"Ards, Belfast",Asian,0,0,Not rated,0,0,0,[]
16675378,Terracotta,https://www.zomato.com/belfast-northern-ireland/terracotta-comber?utm_source=api_basic_user&utm_medium=api&utm_campaign=v2.1,"Comber, Comber BT23",Ards,Belfast,320,54.5473900000,-5.7463000000,BT23,215,"Ards, Belfast",Asian,0,0,Not rated,0,0,0,[]
16674990,Lucky Boat,https://www.zomato.com/belfast-northern-ireland/lucky-boat-ballynahinch?utm_source=api_basic_user&utm_medium=api&utm_campaign=v2.1,"26 Main St, Ballynahinch BT24 7AA",Down,Belfast,320,54.4033620000,-5.8960600000,BT24 7AA,215,"Down, Belfast",Asian,0,0,Not rated,0,0,0,[]
16674913,Imperial City,https://www.zomato.com/belfast-northern-ireland/imperial-city-antrim?utm_source=api_basic_user&utm_medium=api&utm_campaign=v2.1,"17 New St, Antrim BT41 3AF",Antrim,Belfast,320,54.7488210000,-6.3211600000,BT41 3AF,215,"Antrim, Belfast",Asian,0,0,Not rated,0,0,0,[]
16675558,Solo Kitchen + Bar,https://www.zomato.com/belfast-northern-ireland/solo-kitchen-bar-belfast?utm_source=api_basic_user&utm_medium=api&utm_campaign=v2.1,"11 Wellington Pl, Belfast BT1 6GE",Belfast,Belfast,320,54.5972109000,-5.9325490000,BT1 6GE,215,"Belfast, Belfast","Asian, European, Contemporary",12,0,Not rated,2,0,0,[]
16675468,Wagamama,https://www.zomato.com/belfast-northern-ireland/wagamama-belfast?utm_source=api_basic_user&utm_medium=api&utm_campaign=v2.1,"Victoria Sq, Belfast BT1",Belfast,Belfast,320,54.5985576000,-5.9242468000,BT1,215,"Belfast, Belfast",Japanese,12,3.3,Average,4,0,0,[]
16675311,Sonali,https://www.zomato.com/belfast-northern-ireland/sonali-belfast?utm_source=api_basic_user&utm_medium=api&utm_campaign=v2.1,"241, Lisburn Road, Belfast, Belfast, Belfast BT9 7GU",Belfast,Belfast,320,54.5815600000,-5.9478700000,BT9 7GU,215,"Belfast, Belfast","Indian, Balti, Bangladeshi",30,0,Not rated,3,0,0,[]
16674971,Lee Garden,https://www.zomato.com/belfast-northern-ireland/lee-garden-belfast?utm_source=api_basic_user&utm_medium=api&utm_campaign=v2.1,"14-18 Botanic Ave, Belfast BT7 1JQ",Belfast,Belfast,320,54.5890960000,-5.9333540000,BT7 1JQ,215,"Belfast, Belfast",Chinese,0,0,Not rated,2,0,0,[]
16674522,Apartment,https://www.zomato.com/belfast-northern-ireland/apartment-belfast?utm_source=api_basic_user&utm_medium=api&utm_campaign=v2.1,"2 Donegall Square West, Belfast, Belfast BT1 6JA",Belfast,Belfast,320,54.5969370000,-5.9318020000,BT1 6JA,215,"Belfast, Belfast","Asian, International, Fusion",12,3.6,Good,4,0,0,[]
16675536,House of Zen,https://www.zomato.com/belfast-northern-ireland/house-of-zen-belfast?utm_source=api_basic_user&utm_medium=api&utm_campaign=v2.1,"Unit 3 St Annes Sq Edward St, Belfast BT1",Belfast,Belfast,320,54.6038019000,-5.9270062000,BT1,215,"Belfast, Belfast",Chinese,12,0,Not rated,3,0,0,[]
16675353,Sun do,https://www.zomato.com/belfast-northern-ireland/sun-do-coleraine?utm_source=api_basic_user&utm_medium=api&utm_campaign=v2.1,"66 New Row, Coleraine BT52 1EJ",Coleraine,Belfast,320,55.1299598000,-6.6701821000,BT52 1EJ,215,"Coleraine, Belfast",Chinese,0,0,Not rated,0,0,0,[]
16675462,Sakura Japanese,https://www.zomato.com/belfast-northern-ireland/sakura-japanese-belfast?utm_source=api_basic_user&utm_medium=api&utm_campaign=v2.1,"82 Botanic Ave, Belfast BT7 1JR",Belfast,Belfast,320,54.5871514000,-5.9324530000,BT7 1JR,215,"Belfast, Belfast","Japanese, Sushi",0,0,Not rated,2,0,0,[]
16675380,Thai Village,https://www.zomato.com/belfast-northern-ireland/thai-village-belfast?utm_source=api_basic_user&utm_medium=api&utm_campaign=v2.1,"50 Dublin Rd, Belfast BT2 7HN",Belfast,Belfast,320,54.5914719000,-5.9325661000,BT2 7HN,215,"Belfast, Belfast",Thai,0,0,Not rated,1,0,0,[]
16675429,The Welcome,https://www.zomato.com/belfast-northern-ireland/the-welcome-belfast?utm_source=api_basic_user&utm_medium=api&utm_campaign=v2.1,"22 Stranmillis Road, Belfast, Belfast BT9 5AA",Belfast,Belfast,320,54.5807340000,-5.9354970000,BT9 5AA,215,"Belfast, Belfast",Chinese,0,0,Not rated,2,0,0,[]
16674676,China China,https://www.zomato.com/belfast-northern-ireland/china-china-bangor?utm_source=api_basic_user&utm_medium=api&utm_campaign=v2.1,"5 Crosby St, Bangor BT20 5EE",Bangor,Belfast,320,54.6646486000,-5.6670810000,BT20 5EE,215,"Bangor, Belfast",Chinese,0,0,Not rated,1,0,0,[]
16675367,Tao Noodle Bar,https://www.zomato.com/belfast-northern-ireland/tao-noodle-bar-belfast?utm_source=api_basic_user&utm_medium=api&utm_campaign=v2.1,"79 Dublin Rd, Belfast BT2 7HF",Belfast,Belfast,320,54.5910062000,-5.9332531000,BT2 7HF,215,"Belfast, Belfast",Chinese,0,0,Not rated,2,0,0,[]
16675215,The Red Panda,https://www.zomato.com/belfast-northern-ireland/the-red-panda-belfast?utm_source=api_basic_user&utm_medium=api&utm_campaign=v2.1,"60 Andras House Ltd, Great Victoria Street, Belfast, Belfast BT2 7BB",Belfast,Belfast,320,54.5940950000,-5.9341780000,BT2 7BB,215,"Belfast, Belfast",Chinese,20,0,Not rated,3,0,0,[]
16674512,Neill's Hill Brasserie,https://www.zomato.com/belfast-northern-ireland/neills-hill-brasserie-belfast?utm_source=api_basic_user&utm_medium=api&utm_campaign=v2.1,"229 Upper Newtownards Rd, Belfast BT4 3JH",Belfast,Belfast,320,54.5947800000,-5.8643800000,BT4 3JH,215,"Belfast, Belfast","Asian, French, British",20,0,Not rated,1,0,0,[]
16675261,Royal Thai,https://www.zomato.com/belfast-northern-ireland/royal-thai-newtownabbey?utm_source=api_basic_user&utm_medium=api&utm_campaign=v2.1,"377 Antrim Rd, Newtownabbey BT36 5EB",Newtownabbey,Belfast,320,54.6731614000,-5.9614303000,BT36 5EB,215,"Newtownabbey, Belfast","Chinese, Thai",0,0,Not rated,1,0,0,[]
16675011,Mandarin City,https://www.zomato.com/belfast-northern-ireland/mandarin-city-belfast?utm_source=api_basic_user&utm_medium=api&utm_campaign=v2.1,"269-275 Upper Newtownards Rd, Belfast BT4 3JF",Belfast,Belfast,320,54.5956419000,-5.8730261000,BT4 3JF,215,"Belfast, Belfast",Chinese,0,0,Not rated,1,0,0,[]
16675237,Riverside Chinese,https://www.zomato.com/belfast-northern-ireland/riverside-chinese-omagh?utm_source=api_basic_user&utm_medium=api&utm_campaign=v2.1,"18 Sedan Ave, Omagh BT79 7AQ",Omagh,Belfast,320,54.6023776000,-7.3040675000,BT79 7AQ,215,"Omagh, Belfast",Chinese,0,0,Not rated,1,0,0,[]
16675425,Waters Fortune,https://www.zomato.com/belfast-northern-ireland/waters-fortune-londonderry?utm_source=api_basic_user&utm_medium=api&utm_campaign=v2.1,"44 Clooney Terrace, Londonderry BT47 6AP",Derry,Belfast,320,54.9955784000,-7.3100761000,BT47 6AP,215,"Derry, Belfast",Chinese,0,0,Not rated,1,0,0,[]
16674940,Johnny's Chef,https://www.zomato.com/belfast-northern-ireland/johnnys-chef-carrickfergus?utm_source=api_basic_user&utm_medium=api&utm_campaign=v2.1,"3 Chester Ave, Carrickfergus BT38 9QQ",Carrickfergus,Belfast,320,54.7531200000,-5.7092250000,BT38 9QQ,215,"Carrickfergus, Belfast",Chinese,5,0,Not rated,1,0,0,[]
16674905,Ho Wah,https://www.zomato.com/belfast-northern-ireland/ho-wah-antrim?utm_source=api_basic_user&utm_medium=api&utm_campaign=v2.1,"15 Railway St, Antrim BT41 4AE",Antrim,Belfast,320,54.7146891000,-6.2177354000,BT41 4AE,215,"Antrim, Belfast",Chinese,0,0,Not rated,1,0,0,[]
